site,url,status,date,notes
Fix /case-studies page (blocker),https://alphaa.app/case-studies,todo,,"Fabricated '1,200+ businesses' and fake case studies live; remove before any submission"
Crunchbase,https://www.crunchbase.com,todo,,"Free; week 1; Resources > Create Profile"
G2,https://sell.g2.com/create-a-profile,todo,,"Free; week 1; needs 10 real reviews for Grid; G2 now owns Capterra"
Capterra + GetApp + Software Advice,https://digital-markets.gartner.com/capterra-vendor-signup,todo,,"Free listing; week 1; skip PPC"
SaaSHub,https://www.saashub.com,todo,,"Free; week 1"
AlternativeTo,https://alternativeto.net,todo,,"Free; week 1; Suggest new application"
TrustRadius,https://www.trustradius.com/vendors,todo,,"Free profile; week 1"
SourceForge,https://sourceforge.net/software/vendors/,todo,,"Free; week 1"
Wellfound,https://wellfound.com/recruit,todo,,"Free company profile; week 1"
F6S,https://www.f6s.com,todo,,"Free; week 1"
Trustpilot,https://business.trustpilot.com/signup,todo,,"Free claim; week 1; invite real customers only"
Source of Sources,https://sourceofsources.com,todo,,"Free; week 1 signup; answer fitting requests only"
Qwoted,https://www.qwoted.com,todo,,"Free plan 2 pitches/mo; week 1"
Featured.com,https://featured.com,todo,,"Free plan; week 1"
There's An AI For That,https://theresanaiforthat.com/submit/,todo,,"$49 basic; week 2; dofollow (reported)"
Toolify.ai,https://www.toolify.ai/submit,todo,,"$99; week 2; dofollow (reported)"
TopAI.tools,https://topai.tools/submit,todo,,"$47 fast listing; week 2; dofollow (reported)"
Future Tools,https://www.futuretools.io/submit-a-tool,todo,,"Free, curated; week 2"
Startup Stash,https://startupstash.com/add-listing/,todo,,"Free (reported); week 2"
SaaSworthy,https://www.saasworthy.com,todo,,"Free (they research + list); week 2"
Launching Next,https://www.launchingnext.com/submit/,todo,,"Free ($99 express optional); week 2"
Indie Hackers,https://www.indiehackers.com/products,todo,,"Free; week 2"
DMZ Oh Canada Tech Directory,https://dmz.torontomu.ca/oh-canada-directory,todo,,"Free; week 2; Canadian-owned"
Founded in Canada,https://tally.so/r/w5VM6b,todo,,"Free; week 2; confirm startups are accepted"
Kanata North Business Association,https://www.kanatanorthba.ca,todo,,"Email re membership/directory cost; week 2"
Product Hunt,https://www.producthunt.com/posts/new,todo,,"Free; week 3 Tue/Wed; first check if already launched (planned Jul 28)"
Hacker News (Show HN),https://news.ycombinator.com/submit,todo,,"Free; week 3 Thursday; link to /start"
Fazier,https://fazier.com/submit,todo,,"Lite $29 (free tier needs reciprocal link); week 3"
Peerlist Launchpad,https://peerlist.io/launchpad,todo,,"Free weekly launch; week 3"
BetaKit,https://betakit.com,todo,,"Editorial pitch with launch news; week 3"
BetaList,https://betalist.com/submit,todo,,"Paid only (~$129); dofollow confirmed; week 4"
Microlaunch,https://microlaunch.net,todo,,"Free or $39; week 4"
WordPress.org plugin directory,https://wordpress.org/plugins/developers/add/,todo,,"Free; week 4; submit alphaa-connector"
Futurepedia,https://futurepedia.io,todo,,"$497 verified; optional; decide week 4"
Add sameAs links to Organization schema,https://alphaa.app,todo,,"src/app/layout.tsx; add each live profile URL; week 4"
